index,Survived,Pclass,Age,SibSp,Parch,Fare,Fare_COP,TicketSize_encoded,Sex_female,Sex_male,Emb_C,Emb_Q,Emb_S
0,0,3,-0.5882063405132631,1,0,7.25,-0.5024451714361922,2,false,true,false,false,true
1,1,1,0.7689204972681128,1,0,71.2833,0.7868452935884462,0,true,false,true,false,false
2,1,3,-0.24892463106791915,0,0,7.925,-0.4888542575852485,2,true,false,false,false,true
3,1,1,0.5144592151841049,1,0,53.1,0.4207302360686478,0,true,false,false,false,true
4,0,3,0.5144592151841049,0,0,8.05,-0.48633742168692556,2,false,true,false,false,true
5,0,3,-0.07928377634524714,0,0,8.4583,-0.47811642890864364,2,false,true,false,true,false
6,0,1,2.126047335049489,0,0,51.8625,0.3958135606752511,0,false,true,false,false,true
7,0,3,-2.2846148877399832,3,1,21.075,-0.22408312108167933,1,false,true,false,false,true
8,1,3,-0.16410420370658313,0,2,11.1333,-0.4242561406845336,1,true,false,false,false,true
9,1,2,-1.266769759403951,1,0,30.0708,-0.042955502088614164,1,true,false,true,false,false
10,1,3,-2.1149740330173112,1,1,16.7,-0.3121723775229808,1,true,false,false,false,true
11,1,1,2.465329044494833,0,0,26.55,-0.11384570873513629,1,true,false,false,false,true
12,0,3,-0.7578471952359351,0,0,8.05,-0.48633742168692556,2,false,true,false,false,true
13,0,3,0.853740924629449,1,5,31.275,-0.018709311778530652,1,false,true,false,false,true
14,0,3,-1.266769759403951,0,0,7.8542,-0.49027979343805855,2,true,false,false,false,true
15,1,2,2.210867762410825,0,0,16.0,-0.3262666585535891,1,true,false,false,false,true
16,0,3,-2.2846148877399832,4,1,29.125,-0.061998889229684544,1,false,true,false,true,false
17,1,2,-0.07928377634524714,0,0,13.0,-0.3866707201133387,1,false,true,false,false,true
18,0,3,0.17517750573876087,1,0,18.0,-0.2859972841804227,1,true,false,false,false,true
19,1,3,-0.07928377634524714,0,0,7.225,-0.5029485386158568,2,true,false,true,false,false
20,0,2,0.5144592151841049,0,0,26.0,-0.12491978668775705,1,false,true,false,false,true
21,1,2,0.4296387878227689,0,0,13.0,-0.3866707201133387,1,false,true,false,false,true
22,1,3,-1.181949332042615,0,0,8.0292,-0.4867562231804065,2,true,false,false,true,false
23,1,1,-0.07928377634524714,0,0,35.5,0.06635974158478339,1,false,true,false,false,true
24,0,3,-1.7756923235719673,3,1,21.075,-0.22408312108167933,1,true,false,false,false,true
25,1,3,0.7689204972681128,1,5,31.3875,-0.01644415947004004,1,true,false,false,false,true
26,0,3,-0.07928377634524714,0,0,7.225,-0.5029485386158568,2,false,true,true,false,false
27,0,1,-0.8426676225972711,3,2,263.0,4.6470010765324625,0,false,true,false,false,true
28,1,3,-0.07928377634524714,0,0,7.8792,-0.48977642625839396,2,true,false,false,true,false
29,0,3,-0.07928377634524714,0,0,7.8958,-0.4894421904510967,2,false,true,false,false,true
30,0,1,-0.07928377634524714,0,0,27.7208,-0.09027201697708469,1,false,true,true,false,false
31,1,1,-0.07928377634524714,1,0,146.5208,2.3017288207890005,0,true,false,true,false,false
32,1,3,-0.07928377634524714,0,0,7.75,-0.4923778278429005,2,true,false,false,true,false
33,0,2,-0.07928377634524714,0,0,10.5,-0.4370074380797967,1,false,true,false,false,true
34,0,1,-0.07928377634524714,1,0,82.1708,1.0060617003323709,0,false,true,true,false,false
35,0,1,1.108202206713457,1,0,52.0,0.39858208016340624,0,false,true,false,false,true
36,1,3,-0.07928377634524714,0,0,7.2292,-0.502863972929673,2,false,true,true,false,false
37,0,3,-0.6730267678745991,0,0,8.05,-0.48633742168692556,2,false,true,false,false,true
38,0,3,-0.9274880499586071,2,0,18.0,-0.2859972841804227,1,true,false,false,false,true
39,1,3,-0.07928377634524714,1,0,11.2417,-0.42207354059350793,1,true,false,true,false,false
40,0,3,0.9385613519907849,1,0,9.475,-0.4576454924460445,2,true,false,false,false,true
41,0,2,-0.16410420370658313,1,0,21.0,-0.22559322262067308,1,true,false,false,false,true
42,0,3,-0.07928377634524714,0,0,7.8958,-0.4894421904510967,2,false,true,false,false,true
43,1,2,-2.199794460378647,1,2,41.5792,0.18876253192945994,1,true,false,true,false,false
44,1,3,-0.07928377634524714,0,0,7.8792,-0.48977642625839396,2,true,false,false,true,false
45,0,3,-0.07928377634524714,0,0,8.05,-0.48633742168692556,2,false,true,false,false,true
46,0,3,-0.07928377634524714,1,0,15.5,-0.3363340021468807,1,false,true,false,true,false
47,1,3,-0.07928377634524714,0,0,7.75,-0.4923778278429005,2,true,false,false,true,false
48,0,3,-0.07928377634524714,2,0,21.6792,-0.21191774308354575,1,false,true,true,false,false
49,0,3,-0.07928377634524714,1,0,17.8,-0.29002422161773933,1,true,false,false,false,true
50,0,3,-1.8605127509333033,4,1,39.6875,0.15067374417860055,1,false,true,false,false,true
51,0,3,-0.6730267678745991,0,0,7.8,-0.4913710934835714,2,false,true,false,false,true
52,1,1,1.7019451982428089,1,0,76.7292,0.8964967865378599,0,true,false,true,false,false
53,1,2,0.005536651016088867,1,0,26.0,-0.12491978668775705,1,true,false,false,false,true
54,0,1,3.0590720360241845,0,1,61.9792,0.5995101505357573,0,false,true,true,false,false
55,1,1,-0.07928377634524714,0,0,35.5,0.06635974158478339,1,false,true,false,false,true
56,1,2,-0.6730267678745991,0,0,10.5,-0.4370074380797967,1,true,false,false,false,true
57,0,3,-0.03687356266457913,0,0,7.2292,-0.502863972929673,2,false,true,true,false,false
58,1,2,-2.030153605655975,1,2,27.75,-0.08968408411123645,1,true,false,false,false,true
59,0,3,-1.5212310414879593,5,2,46.9,0.2958951755118319,1,false,true,false,false,true
60,0,3,-0.5882063405132631,0,0,7.2292,-0.502863972929673,2,false,true,true,false,false
61,1,1,0.7689204972681128,0,0,80.0,0.962353321387736,0,true,false,false,false,true
62,0,1,1.362663488797465,1,0,83.475,1.0323213593611127,0,false,true,false,false,true
63,0,3,-0.07928377634524714,3,2,27.9,-0.08666388103324897,1,false,true,false,false,true
64,0,1,-0.07928377634524714,0,0,27.7208,-0.09027201697708469,1,false,true,true,false,false
65,1,3,-0.07928377634524714,1,1,15.2458,-0.34145223962971016,1,false,true,false,false,true
66,1,2,-0.07928377634524714,0,0,10.5,-0.4370074380797967,1,true,false,false,false,true
67,0,3,-0.07928377634524714,0,0,8.1583,-0.4841568350646186,2,false,true,false,false,true
68,1,3,-1.0123084773199431,4,2,7.925,-0.4888542575852485,2,true,false,false,false,true
69,0,3,-0.24892463106791915,2,0,8.6625,-0.47400492578514336,2,false,true,false,false,true
70,0,2,-0.07928377634524714,0,0,10.5,-0.4370074380797967,1,false,true,false,false,true
71,0,3,-1.097128904681279,5,2,46.9,0.2958951755118319,1,true,false,false,false,true
72,0,2,-0.07928377634524714,0,0,73.5,0.8314778546749452,0,false,true,false,false,true
73,0,3,-0.24892463106791915,1,0,14.4542,-0.3573908580066094,1,false,true,true,false,false
74,1,3,0.2599979331000969,0,0,56.4958,0.48910360681684706,0,false,true,false,false,true
75,0,3,-0.33374505842925517,0,0,7.65,-0.49439129656155884,2,false,true,false,false,true
76,0,3,-0.07928377634524714,0,0,7.8958,-0.4894421904510967,2,false,true,false,false,true
77,0,3,-0.07928377634524714,0,0,8.05,-0.48633742168692556,2,false,true,false,false,true
78,1,2,-0.07928377634524714,0,2,29.0,-0.06451572512800745,1,false,true,false,false,true
79,1,3,0.09035707837742488,0,0,12.475,-0.3972414308862949,1,true,false,false,false,true
80,0,3,-0.5882063405132631,0,0,9.0,-0.4672094688596715,2,false,true,false,false,true
81,1,3,0.005536651016088867,0,0,9.5,-0.45714212526637993,2,false,true,false,false,true
82,1,3,-0.07928377634524714,0,0,7.7875,-0.4916227770734037,2,true,false,false,false,true
83,0,1,-0.07928377634524714,0,0,47.1,0.29992211294914856,1,false,true,false,false,true
84,1,2,-1.0123084773199431,0,0,10.5,-0.4370074380797967,1,true,false,false,false,true
85,1,3,0.3448183604614329,3,0,15.85,-0.32928686163157656,1,true,false,false,false,true
86,0,3,-0.07928377634524714,1,3,34.375,0.04370821849987728,1,false,true,false,false,true
87,0,3,-0.07928377634524714,0,0,8.05,-0.48633742168692556,2,false,true,false,false,true
88,1,1,-0.5033859131519272,3,2,263.0,4.6470010765324625,0,true,false,false,false,true
89,0,3,-0.41856548579059116,0,0,8.05,-0.48633742168692556,2,false,true,false,false,true
90,0,3,0.005536651016088867,0,0,8.05,-0.48633742168692556,2,false,true,false,false,true
91,0,3,-0.7578471952359351,0,0,7.8542,-0.49027979343805855,2,false,true,false,false,true
92,0,1,1.447483916158801,1,0,61.175,0.5833178351003071,0,false,true,false,false,true
93,0,3,-0.24892463106791915,1,2,20.575,-0.23415046467497094,1,false,true,false,false,true
94,0,3,2.550149471856169,0,0,7.25,-0.5024451714361922,2,false,true,false,false,true
95,0,3,-0.07928377634524714,0,0,8.05,-0.48633742168692556,2,false,true,false,false,true
96,0,1,-0.07928377634524714,0,0,34.6542,0.049329823162371396,1,false,true,true,false,false
97,1,1,-0.5033859131519272,0,1,63.3583,0.6272778976347743,0,false,true,true,false,false
98,1,2,0.4296387878227689,0,1,23.0,-0.18532384824750667,1,true,false,false,false,true
99,0,2,0.4296387878227689,1,0,26.0,-0.12491978668775705,1,false,true,false,false,true
100,0,3,-0.07928377634524714,0,0,7.8958,-0.4894421904510967,2,true,false,false,false,true
101,0,3,-0.07928377634524714,0,0,7.8958,-0.4894421904510967,2,false,true,false,false,true
102,0,1,-0.6730267678745991,0,1,77.2875,0.9077379823941291,0,false,true,false,false,true
103,0,3,0.3448183604614329,0,0,8.6542,-0.47417204368879196,2,false,true,false,false,true
104,0,3,0.6841000699067769,2,0,7.925,-0.4888542575852485,2,false,true,false,false,true
105,0,3,-0.07928377634524714,0,0,7.8958,-0.4894421904510967,2,false,true,false,false,true
106,1,3,-0.6730267678745991,0,0,7.65,-0.49439129656155884,2,true,false,false,false,true
107,1,3,-0.07928377634524714,0,0,7.775,-0.4918744606632359,2,false,true,false,false,true
108,0,3,0.7689204972681128,0,0,7.8958,-0.4894421904510967,2,false,true,false,false,true
109,1,3,-0.07928377634524714,1,0,24.15,-0.16216895798293599,1,true,false,false,false,true
110,0,1,-0.07928377634524714,0,0,52.0,0.39858208016340624,0,false,true,false,false,true
111,0,3,-1.2243595457232832,1,0,14.4542,-0.3573908580066094,1,true,false,false,false,true
112,0,3,-0.5882063405132631,0,0,8.05,-0.48633742168692556,2,false,true,false,false,true
113,0,3,-0.7578471952359351,1,0,9.825,-0.4505983519307404,2,true,false,false,false,true
114,0,3,-1.0123084773199431,0,0,14.4583,-0.3573083057891444,1,true,false,true,false,false
115,0,3,-0.6730267678745991,0,0,7.925,-0.4888542575852485,2,false,true,false,false,true
116,0,3,3.525584386511533,0,0,7.75,-0.4923778278429005,2,false,true,false,true,false
117,0,2,0.005536651016088867,1,0,21.0,-0.22559322262067308,1,false,true,false,false,true
118,0,1,-0.41856548579059116,0,1,247.5208,4.335332226633904,0,false,true,true,false,false
119,0,3,-2.2846148877399832,4,2,31.275,-0.018709311778530652,1,true,false,false,false,true
120,0,2,-0.07928377634524714,2,0,73.5,0.8314778546749452,0,false,true,false,false,true
121,0,3,-0.07928377634524714,0,0,8.05,-0.48633742168692556,2,false,true,false,false,true
122,0,2,0.3024081467807649,1,0,30.0708,-0.042955502088614164,1,false,true,true,false,false
123,1,2,0.3024081467807649,0,0,13.0,-0.3866707201133387,1,true,false,false,false,true
124,0,1,2.126047335049489,0,1,77.2875,0.9077379823941291,0,false,true,false,false,true
125,1,3,-1.436410614126623,1,0,11.2417,-0.42207354059350793,1,false,true,false,false,true
126,0,3,-0.07928377634524714,0,0,7.75,-0.4923778278429005,2,false,true,false,true,false
127,1,3,-0.41856548579059116,0,0,7.1417,-0.5046257580584991,2,false,true,false,false,true
128,1,3,-0.07928377634524714,1,1,22.3583,-0.1982442770151371,1,true,false,true,false,false
129,0,3,1.362663488797465,0,0,6.975,-0.5079822104125025,2,false,true,false,false,true
130,0,3,0.3448183604614329,0,0,7.8958,-0.4894421904510967,2,false,true,true,false,false
131,0,3,-0.7578471952359351,0,0,7.05,-0.5064721088735088,2,false,true,false,false,true
132,0,3,1.532304343520137,1,0,14.5,-0.35646868933346393,1,true,false,false,false,true
133,1,2,0.005536651016088867,1,0,26.0,-0.12491978668775705,1,true,false,false,false,true
134,0,2,-0.33374505842925517,0,0,13.0,-0.3866707201133387,1,false,true,false,false,true
135,0,2,-0.5033859131519272,0,0,15.0458,-0.3454791770670268,1,false,true,true,false,false
136,1,1,-0.07928377634524714,0,2,26.2833,-0.11921562980779805,1,true,false,false,false,true
137,0,1,-0.07928377634524714,1,0,53.1,0.4207302360686478,0,false,true,false,false,true
138,0,3,-1.097128904681279,0,0,9.2167,-0.46284628214633894,2,false,true,false,false,true
139,0,1,-0.07928377634524714,0,0,79.2,0.9462455716384695,0,false,true,true,false,false
140,0,3,-0.07928377634524714,0,2,15.2458,-0.34145223962971016,1,true,false,true,false,false
141,1,3,-0.07928377634524714,0,0,7.75,-0.4923778278429005,2,true,false,false,false,true
142,1,3,-0.41856548579059116,1,0,15.85,-0.32928686163157656,1,true,false,false,false,true
143,0,3,-0.8426676225972711,0,0,6.75,-0.5125125150294837,2,false,true,false,true,false
144,0,2,-0.9274880499586071,0,0,11.5,-0.4168727508932135,1,false,true,false,false,true
145,0,2,-0.8426676225972711,1,1,36.75,0.09152810056801239,1,false,true,false,false,true
146,1,3,-0.16410420370658313,0,0,7.7958,-0.49145565916975503,2,false,true,false,false,true
147,0,3,-1.6908718962106313,2,2,34.375,0.04370821849987728,1,true,false,false,false,true
148,0,2,0.6416898562261089,0,2,26.0,-0.12491978668775705,1,false,true,false,false,true
149,0,2,1.108202206713457,0,0,13.0,-0.3866707201133387,1,false,true,false,false,true
150,0,2,1.8715860529654809,0,0,12.525,-0.39623469652696575,1,false,true,false,false,true
151,1,1,-0.5882063405132631,1,0,66.6,0.6925485130875211,0,true,false,false,false,true
152,0,3,2.253277976091493,0,0,8.05,-0.48633742168692556,2,false,true,false,false,true
153,0,3,0.9809715656714529,0,2,14.5,-0.35646868933346393,1,false,true,false,false,true
154,0,3,-0.07928377634524714,0,0,7.3125,-0.5011867534870307,2,false,true,false,false,true
155,0,1,1.8715860529654809,0,1,61.3792,0.5874293382238074,0,false,true,true,false,false
156,1,3,-1.097128904681279,0,0,7.7333,-0.49271407711891646,2,true,false,false,true,false
157,0,3,0.09035707837742488,0,0,8.05,-0.48633742168692556,2,false,true,false,false,true
158,0,3,-0.07928377634524714,0,0,8.6625,-0.47400492578514336,2,false,true,false,false,true
159,0,3,-0.07928377634524714,8,2,69.55,0.7519458402879415,0,false,true,false,false,true
160,0,3,1.277843061436129,0,1,16.1,-0.32425318983493073,1,false,true,false,false,true
161,1,2,0.9385613519907849,0,0,15.75,-0.3313003303502349,1,true,false,false,false,true
162,0,3,-0.24892463106791915,0,0,7.775,-0.4918744606632359,2,false,true,false,false,true
163,0,3,-1.0123084773199431,0,0,8.6625,-0.47400492578514336,2,false,true,false,false,true
164,0,3,-2.369435315101319,4,1,39.6875,0.15067374417860055,1,false,true,false,false,true
165,1,3,-0.07928377634524714,0,2,20.525,-0.2351571990343001,1,false,true,false,false,true
166,1,1,-0.07928377634524714,0,1,55.0,0.4589861417231559,0,true,false,false,false,true
167,0,3,1.362663488797465,1,4,27.9,-0.08666388103324897,1,true,false,false,false,true
168,0,1,-0.07928377634524714,0,0,25.925,-0.1264298882267508,1,false,true,false,false,true
169,0,3,-0.07928377634524714,0,0,56.4958,0.48910360681684706,0,false,true,false,false,true
170,0,1,2.7197903265788406,0,0,33.5,0.026090367211616977,1,false,true,false,false,true
171,0,3,-2.1149740330173112,4,1,29.125,-0.061998889229684544,1,false,true,false,true,false
172,1,3,-2.369435315101319,1,1,11.1333,-0.4242561406845336,1,true,false,false,false,true
173,0,3,-0.6730267678745991,0,0,7.925,-0.4888542575852485,2,false,true,false,false,true
174,0,1,-0.07928377634524714,0,0,30.6958,-0.03037132259699966,1,false,true,true,false,false
175,0,3,-0.9274880499586071,1,1,7.8542,-0.49027979343805855,2,false,true,false,false,true
176,0,3,-0.07928377634524714,3,1,25.4667,-0.13565761536436186,1,false,true,false,false,true
177,0,1,1.7867656256041449,0,0,28.7125,-0.07030444769415012,1,true,false,true,false,false
178,0,2,0.09035707837742488,0,0,13.0,-0.3866707201133387,1,false,true,false,false,true
179,0,3,0.5992796425454409,0,0,0.0,-0.6484216535389203,3,false,true,false,false,true
180,0,3,-0.07928377634524714,8,2,69.55,0.7519458402879415,0,true,false,false,false,true
181,0,2,-0.07928377634524714,0,0,15.05,-0.34539461138084315,1,false,true,true,false,false
182,0,3,-1.6908718962106313,4,2,31.3875,-0.01644415947004004,1,false,true,false,false,true
183,1,2,-2.369435315101319,2,1,39.0,0.1368311467378246,1,false,true,false,false,true
184,1,3,-2.1149740330173112,0,2,22.025,-0.20495516825442528,1,true,false,false,false,true
185,0,1,-0.07928377634524714,0,0,50.0,0.3583127057902398,1,false,true,false,false,true
186,1,3,-0.07928377634524714,1,0,15.5,-0.3363340021468807,1,true,false,false,true,false
187,1,1,1.362663488797465,0,0,26.55,-0.11384570873513629,1,false,true,false,false,true
188,0,3,0.9385613519907849,1,1,15.5,-0.3363340021468807,1,false,true,false,true,false
189,0,3,0.5992796425454409,0,0,7.8958,-0.4894421904510967,2,false,true,false,false,true
190,1,2,0.2599979331000969,0,0,13.0,-0.3866707201133387,1,true,false,false,false,true
191,0,2,-0.8426676225972711,0,0,13.0,-0.3866707201133387,1,false,true,false,false,true
192,1,3,-0.07928377634524714,1,0,7.8542,-0.49027979343805855,2,true,false,false,false,true
193,1,2,-2.199794460378647,1,1,26.0,-0.12491978668775705,1,false,true,false,false,true
194,1,1,1.277843061436129,0,0,27.7208,-0.09027201697708469,1,true,false,true,false,false
195,1,1,2.465329044494833,0,0,146.5208,2.3017288207890005,0,true,false,true,false,false
196,0,3,-0.07928377634524714,0,0,7.75,-0.4923778278429005,2,false,true,false,true,false
197,0,3,1.108202206713457,0,1,8.4042,-0.4792057154854378,2,false,true,false,false,true
198,1,3,-0.07928377634524714,0,0,7.75,-0.4923778278429005,2,true,false,false,true,false
199,0,2,-0.41856548579059116,0,0,13.0,-0.3866707201133387,1,true,false,false,false,true
200,0,3,-0.07928377634524714,0,0,9.5,-0.45714212526637993,2,false,true,false,false,true
201,0,3,-0.07928377634524714,8,2,69.55,0.7519458402879415,0,false,true,false,false,true
202,0,3,0.4296387878227689,0,0,6.4958,-0.5176307525123132,2,false,true,false,false,true
203,0,3,1.405073702478133,0,0,7.225,-0.5029485386158568,2,false,true,true,false,false
204,1,3,-0.07928377634524714,0,0,8.05,-0.48633742168692556,2,false,true,false,false,true
205,0,3,-2.2846148877399832,0,1,10.4625,-0.4377624888492936,1,true,false,false,false,true
206,0,3,0.2599979331000969,1,0,15.85,-0.32928686163157656,1,false,true,false,false,true
207,1,3,-0.24892463106791915,0,0,18.7875,-0.2701412180209884,1,false,true,true,false,false
208,1,3,-0.07928377634524714,0,0,7.75,-0.4923778278429005,2,true,false,false,true,false
209,1,1,-0.07928377634524714,0,0,31.0,-0.024246350754841033,1,false,true,true,false,false
210,0,3,-0.07928377634524714,0,0,7.05,-0.5064721088735088,2,false,true,false,false,true
211,1,2,-0.07928377634524714,0,0,21.0,-0.22559322262067308,1,true,false,false,false,true
212,0,3,-0.5882063405132631,0,0,7.25,-0.5024451714361922,2,false,true,false,false,true
213,0,2,-0.07928377634524714,0,0,13.0,-0.3866707201133387,1,false,true,false,false,true
214,0,3,-0.07928377634524714,1,0,7.75,-0.4923778278429005,2,false,true,false,true,false
215,1,1,-0.07928377634524714,1,0,113.275,1.6323350375212922,0,true,false,true,false,false
216,1,3,-0.16410420370658313,0,0,7.925,-0.4888542575852485,2,true,false,false,false,true
217,0,2,1.108202206713457,1,0,27.0,-0.10478509950117385,1,false,true,false,false,true
218,1,1,-0.07928377634524714,0,0,76.2917,0.8876878608937298,0,true,false,true,false,false
219,0,2,0.09035707837742488,0,0,10.5,-0.4370074380797967,1,false,true,false,false,true
220,1,3,-1.097128904681279,0,0,8.05,-0.48633742168692556,2,false,true,false,false,true
221,0,2,-0.16410420370658313,0,0,13.0,-0.3866707201133387,1,false,true,false,false,true
222,0,3,1.8715860529654809,0,0,8.05,-0.48633742168692556,2,false,true,false,false,true
223,0,3,-0.07928377634524714,0,0,7.8958,-0.4894421904510967,2,false,true,false,false,true
224,1,1,0.7689204972681128,1,0,90.0,1.163700193253568,0,false,true,false,false,true
225,0,3,-0.5882063405132631,0,0,9.35,-0.4601623283443674,2,false,true,false,false,true
226,1,2,-0.8426676225972711,0,0,10.5,-0.4370074380797967,1,false,true,false,false,true
227,0,3,-0.07928377634524714,0,0,7.25,-0.5024451714361922,2,false,true,false,false,true
228,0,2,-0.9274880499586071,0,0,13.0,-0.3866707201133387,1,false,true,false,false,true
229,0,3,-0.07928377634524714,3,1,25.4667,-0.13565761536436186,1,true,false,false,false,true
230,1,1,0.5144592151841049,1,0,83.475,1.0323213593611127,0,true,false,false,false,true
231,0,3,-0.07928377634524714,0,0,7.775,-0.4918744606632359,2,false,true,false,false,true
232,0,2,2.550149471856169,0,0,13.5,-0.3766033765200471,1,false,true,false,false,true
233,1,3,-2.030153605655975,4,2,31.3875,-0.01644415947004004,1,true,false,false,false,true
234,0,2,-0.41856548579059116,0,0,10.5,-0.4370074380797967,1,false,true,false,false,true
235,0,3,-0.07928377634524714,0,0,7.55,-0.49640476528021715,2,true,false,false,false,true
236,0,2,1.277843061436129,1,0,26.0,-0.12491978668775705,1,false,true,false,false,true
237,1,2,-1.7756923235719673,0,2,26.25,-0.11988611489111126,1,true,false,false,false,true
238,0,2,-0.8426676225972711,0,0,10.5,-0.4370074380797967,1,false,true,false,false,true
239,0,2,0.3448183604614329,0,0,12.275,-0.4012683683236115,1,false,true,false,false,true
240,0,3,-0.07928377634524714,1,0,14.4542,-0.3573908580066094,1,true,false,true,false,false
241,1,3,-0.07928377634524714,1,0,15.5,-0.3363340021468807,1,true,false,false,true,false
242,0,2,0.005536651016088867,0,0,10.5,-0.4370074380797967,1,false,true,false,false,true
243,0,3,-0.5882063405132631,0,0,7.125,-0.504962007334515,2,false,true,false,false,true
244,0,3,-0.07928377634524714,0,0,7.225,-0.5029485386158568,2,false,true,true,false,false
245,0,1,1.277843061436129,2,0,90.0,1.163700193253568,0,false,true,false,true,false
246,0,3,-0.33374505842925517,0,0,7.775,-0.4918744606632359,2,true,false,false,false,true
247,1,2,-0.41856548579059116,0,2,14.5,-0.35646868933346393,1,true,false,false,false,true
248,1,1,0.6841000699067769,1,1,52.5542,0.4097407238022106,0,false,true,false,false,true
249,0,2,2.126047335049489,1,0,26.0,-0.12491978668775705,1,false,true,false,false,true
250,0,3,-0.07928377634524714,0,0,7.25,-0.5024451714361922,2,false,true,false,false,true
251,0,3,0.005536651016088867,1,1,10.4625,-0.4377624888492936,1,true,false,false,false,true
252,0,1,2.804610753940177,0,0,26.55,-0.11384570873513629,1,false,true,false,false,true
253,0,3,0.09035707837742488,1,0,16.1,-0.32425318983493073,1,false,true,false,false,true
254,0,3,-0.07928377634524714,0,2,20.2125,-0.24144928878010735,1,true,false,false,false,true
255,1,3,0.005536651016088867,0,2,15.2458,-0.34145223962971016,1,true,false,true,false,false
256,1,1,-0.07928377634524714,0,0,79.2,0.9462455716384695,0,true,false,true,false,false
257,1,1,0.09035707837742488,0,0,86.5,1.093228788100527,0,true,false,false,false,true
258,1,1,0.5144592151841049,0,0,512.3292,9.667166525013503,0,true,false,true,false,false
259,1,2,1.7867656256041449,0,1,26.0,-0.12491978668775705,1,true,false,false,false,true
260,0,3,-0.07928377634524714,0,0,7.75,-0.4923778278429005,2,false,true,false,true,false
261,1,3,-2.199794460378647,4,2,31.3875,-0.01644415947004004,1,false,true,false,false,true
262,0,1,1.9564064803268169,1,1,79.65,0.9553061808724319,0,false,true,false,false,true
263,0,1,0.9385613519907849,0,0,0.0,-0.6484216535389203,3,false,true,false,false,true
264,0,3,-0.07928377634524714,0,0,7.75,-0.4923778278429005,2,true,false,false,true,false
265,0,2,0.5992796425454409,0,0,10.5,-0.4370074380797967,1,false,true,false,false,true
266,0,3,-0.07928377634524714,4,1,39.6875,0.15067374417860055,1,false,true,false,false,true
267,1,3,-0.33374505842925517,1,0,7.775,-0.4918744606632359,2,false,true,false,false,true
268,1,1,2.465329044494833,0,1,153.4625,2.4414977788321046,0,true,false,false,false,true
269,1,1,0.5144592151841049,0,0,135.6333,2.082512414045075,0,true,false,false,false,true
270,0,1,-0.07928377634524714,0,0,31.0,-0.024246350754841033,1,false,true,false,false,true
271,1,3,-0.33374505842925517,0,0,0.0,-0.6484216535389203,3,false,true,false,false,true
272,1,2,1.023381779352121,0,1,19.5,-0.2557952534005479,1,true,false,false,false,true
273,0,1,0.6841000699067769,0,1,29.7,-0.0504214440973992,1,false,true,true,false,false
274,1,3,-0.07928377634524714,0,0,7.75,-0.4923778278429005,2,true,false,false,true,false
275,1,1,-0.07928377634524714,1,0,77.9583,0.9212443305588889,0,true,false,false,false,true
276,0,3,1.362663488797465,0,0,7.75,-0.4923778278429005,2,true,false,false,false,true
277,0,2,-0.07928377634524714,0,0,0.0,-0.6484216535389203,3,false,true,false,false,true
278,0,3,-1.8605127509333033,4,1,29.125,-0.061998889229684544,1,false,true,false,true,false
279,1,3,0.5144592151841049,1,1,20.25,-0.2406942380106105,1,true,false,false,false,true
280,0,3,-0.07928377634524714,0,0,7.75,-0.4923778278429005,2,false,true,false,true,false
281,0,3,-0.07928377634524714,0,0,7.8542,-0.49027979343805855,2,false,true,false,false,true
282,0,3,-1.097128904681279,0,0,9.5,-0.45714212526637993,2,false,true,false,false,true
283,1,3,-0.8426676225972711,0,0,8.05,-0.48633742168692556,2,false,true,false,false,true
284,0,1,-0.07928377634524714,0,0,26.0,-0.12491978668775705,1,false,true,false,false,true
285,0,3,0.3448183604614329,0,0,8.6625,-0.47400492578514336,2,false,true,true,false,false
286,1,3,-0.07928377634524714,0,0,9.5,-0.45714212526637993,2,false,true,false,false,true
287,0,3,-0.5882063405132631,0,0,7.8958,-0.4894421904510967,2,false,true,false,false,true
288,1,2,1.108202206713457,0,0,13.0,-0.3866707201133387,1,false,true,false,false,true
289,1,3,-0.5882063405132631,0,0,7.75,-0.4923778278429005,2,true,false,false,true,false
290,1,1,-0.07928377634524714,0,0,78.85,0.9391984311231654,0,true,false,false,false,true
291,1,1,-0.07928377634524714,1,0,91.0792,1.1854295476653287,0,true,false,true,false,false
292,0,2,-0.07928377634524714,0,0,12.875,-0.3891875560116616,1,false,true,true,false,false
293,0,3,-0.41856548579059116,0,0,8.85,-0.470229671937659,2,true,false,false,false,true
294,0,3,-0.07928377634524714,0,0,7.8958,-0.4894421904510967,2,false,true,false,false,true
295,0,1,-0.07928377634524714,0,0,27.7208,-0.09027201697708469,1,false,true,true,false,false
296,0,3,-0.46097569947125916,0,0,7.2292,-0.502863972929673,2,false,true,true,false,false
297,0,1,-2.2846148877399832,1,2,151.55,2.402990189587764,0,true,false,false,false,true
298,1,1,-0.07928377634524714,0,0,30.5,-0.03431369434813264,1,false,true,false,false,true
299,1,1,-0.07928377634524714,0,1,247.5208,4.335332226633904,0,true,false,true,false,false
300,1,3,-0.07928377634524714,0,0,7.75,-0.4923778278429005,2,true,false,false,true,false
301,1,3,-0.07928377634524714,2,0,23.25,-0.18029017645086087,1,false,true,false,true,false
302,0,3,-0.8426676225972711,0,0,0.0,-0.6484216535389203,3,false,true,false,false,true
303,1,2,-0.07928377634524714,0,0,12.35,-0.3997582667846178,1,true,false,false,false,true
304,0,3,-0.07928377634524714,0,0,8.05,-0.48633742168692556,2,false,true,false,false,true
305,1,1,-2.376220949290226,1,2,151.55,2.402990189587764,0,false,true,false,false,true
306,1,1,-0.07928377634524714,0,0,110.8833,1.5841789061771412,0,true,false,true,false,false
307,1,1,-1.0123084773199431,1,0,108.9,1.5442457810799906,0,true,false,true,false,false
308,0,2,0.09035707837742488,1,0,24.0,-0.16518916106092346,1,false,true,true,false,false
309,1,1,-0.07928377634524714,0,0,56.9292,0.4978299802435121,0,true,false,true,false,false
310,1,1,-0.41856548579059116,0,0,83.1583,1.0259447039291218,0,true,false,true,false,false
311,1,1,-0.07928377634524714,2,2,262.375,4.634416897040848,0,true,false,true,false,false
312,0,2,-0.07928377634524714,1,1,26.0,-0.12491978668775705,1,true,false,false,false,true
313,0,3,-0.07928377634524714,0,0,7.8958,-0.4894421904510967,2,false,true,false,false,true
314,0,2,1.193022634074793,1,1,26.25,-0.11988611489111126,1,false,true,false,false,true
315,1,3,-0.24892463106791915,0,0,7.8542,-0.49027979343805855,2,true,false,false,false,true
316,1,2,-0.41856548579059116,1,0,26.0,-0.12491978668775705,1,true,false,false,false,true
317,0,2,2.126047335049489,0,0,14.0,-0.3665360329267555,1,false,true,false,false,true
318,1,1,0.17517750573876087,0,2,164.8667,2.6711177784453373,0,true,false,false,false,true
319,1,1,-0.07928377634524714,1,1,134.5,2.059693773056521,0,true,false,true,false,false
320,0,3,-0.5882063405132631,0,0,7.25,-0.5024451714361922,2,false,true,false,false,true
321,0,3,-0.07928377634524714,0,0,7.8958,-0.4894421904510967,2,false,true,false,false,true
322,1,2,0.09035707837742488,0,0,12.35,-0.3997582667846178,1,true,false,false,true,false
323,1,2,-0.07928377634524714,1,1,29.0,-0.06451572512800745,1,true,false,false,false,true
324,0,3,-0.07928377634524714,8,2,69.55,0.7519458402879415,0,false,true,false,false,true
325,1,1,0.5992796425454409,0,0,135.6333,2.082512414045075,0,true,false,true,false,false
326,0,3,2.7197903265788406,0,0,6.2375,-0.5228315422126076,2,false,true,false,false,true
327,1,2,-0.07928377634524714,0,0,13.0,-0.3866707201133387,1,true,false,false,false,true
328,1,3,0.17517750573876087,1,1,20.525,-0.2351571990343001,1,true,false,false,false,true
329,1,1,-1.097128904681279,0,1,57.9792,0.5189714017894245,0,true,false,true,false,false
330,1,3,-0.07928377634524714,2,0,23.25,-0.18029017645086087,1,true,false,false,true,false
331,0,1,1.405073702478133,0,0,28.5,-0.07458306872129905,1,false,true,false,false,true
332,0,1,0.7689204972681128,0,1,153.4625,2.4414977788321046,0,false,true,false,false,true
333,0,3,-0.07928377634524714,2,0,18.0,-0.2859972841804227,1,false,true,false,false,true
334,1,1,-0.07928377634524714,1,0,133.65,2.042579288947925,0,true,false,false,false,true
335,0,3,-0.07928377634524714,0,0,7.8958,-0.4894421904510967,2,false,true,false,false,true
336,0,1,0.005536651016088867,1,0,66.6,0.6925485130875211,0,false,true,false,false,true
337,1,1,1.023381779352121,0,0,134.5,2.059693773056521,0,true,false,true,false,false
338,1,3,-0.07928377634524714,0,0,8.05,-0.48633742168692556,2,false,true,false,false,true
339,0,1,1.362663488797465,0,0,35.5,0.06635974158478339,1,false,true,false,false,true
340,1,2,-2.2846148877399832,1,1,26.0,-0.12491978668775705,1,false,true,false,false,true
341,1,1,-0.41856548579059116,3,2,263.0,4.6470010765324625,0,true,false,false,false,true
342,0,2,-0.07928377634524714,0,0,13.0,-0.3866707201133387,1,false,true,false,false,true
343,0,2,-0.33374505842925517,0,0,13.0,-0.3866707201133387,1,false,true,false,false,true
344,0,2,-0.07928377634524714,0,0,13.0,-0.3866707201133387,1,false,true,false,false,true
345,1,2,-0.41856548579059116,0,0,13.0,-0.3866707201133387,1,true,false,false,false,true
346,1,2,0.9385613519907849,0,0,13.0,-0.3866707201133387,1,true,false,false,false,true
347,1,3,-0.07928377634524714,1,0,16.1,-0.32425318983493073,1,true,false,false,false,true
348,1,3,-2.199794460378647,1,1,15.9,-0.3282801272722474,1,false,true,false,false,true
349,0,3,1.108202206713457,0,0,8.6625,-0.47400492578514336,2,false,true,false,false,true
350,0,3,-0.07928377634524714,0,0,9.225,-0.4626791642426903,2,false,true,false,false,true
351,0,1,-0.07928377634524714,0,0,35.0,0.05629239799149178,1,false,true,false,false,true
352,0,3,-1.181949332042615,1,1,7.2292,-0.502863972929673,2,false,true,true,false,false
353,0,3,-0.33374505842925517,1,0,17.8,-0.29002422161773933,1,false,true,false,false,true
354,0,3,-0.07928377634524714,0,0,7.225,-0.5029485386158568,2,false,true,true,false,false
355,0,3,-0.07928377634524714,0,0,9.5,-0.45714212526637993,2,false,true,false,false,true
356,1,1,-0.5882063405132631,0,1,55.0,0.4589861417231559,0,true,false,false,false,true
357,0,2,-0.07928377634524714,0,0,13.0,-0.3866707201133387,1,true,false,false,false,true
358,1,3,-0.07928377634524714,0,0,7.8792,-0.48977642625839396,2,true,false,false,true,false
359,1,3,-0.07928377634524714,0,0,7.8792,-0.48977642625839396,2,true,false,false,true,false
360,0,3,-0.07928377634524714,1,4,27.9,-0.08666388103324897,1,false,true,false,false,true
361,0,2,0.005536651016088867,1,0,27.7208,-0.09027201697708469,1,false,true,true,false,false
362,0,3,-0.07928377634524714,0,1,14.4542,-0.3573908580066094,1,true,false,true,false,false
363,0,3,0.5144592151841049,0,0,7.05,-0.5064721088735088,2,false,true,false,false,true
364,0,3,-0.07928377634524714,1,0,15.5,-0.3363340021468807,1,false,true,false,true,false
365,0,3,0.09035707837742488,0,0,7.25,-0.5024451714361922,2,false,true,false,false,true
366,1,1,2.634969899217505,1,0,75.25,0.8667135572514658,0,true,false,true,false,false
367,1,3,-0.07928377634524714,0,0,7.2292,-0.502863972929673,2,true,false,true,false,false
368,1,3,-0.07928377634524714,0,0,7.75,-0.4923778278429005,2,true,false,false,true,false
369,1,1,-0.41856548579059116,0,0,69.3,0.7469121684912957,0,true,false,false,false,true
370,1,1,-0.33374505842925517,1,0,55.4417,0.4678796330534696,0,false,true,true,false,false
371,0,3,-0.9274880499586071,1,0,6.4958,-0.5176307525123132,2,false,true,false,false,true
372,0,3,-0.8426676225972711,0,0,8.05,-0.48633742168692556,2,false,true,false,false,true
373,0,1,-0.5882063405132631,0,0,135.6333,2.082512414045075,0,false,true,true,false,false
374,0,3,-2.199794460378647,3,1,21.075,-0.22408312108167933,1,true,false,false,false,true
375,1,1,-0.07928377634524714,1,0,82.1708,1.0060617003323709,0,true,false,true,false,false
376,1,3,-0.5882063405132631,0,0,7.25,-0.5024451714361922,2,true,false,false,false,true
377,0,1,-0.16410420370658313,0,2,211.5,3.6100646864234274,0,false,true,true,false,false
378,0,3,-0.7578471952359351,0,0,4.0125,-0.5676312212027552,2,false,true,true,false,false
379,0,3,-0.8426676225972711,0,0,7.775,-0.4918744606632359,2,false,true,false,false,true
380,1,1,1.108202206713457,0,0,227.525,3.9327230485884233,0,true,false,true,false,false
381,1,3,-2.369435315101319,0,2,15.7417,-0.3314674482538835,1,true,false,true,false,false
382,0,3,0.2599979331000969,0,0,7.925,-0.4888542575852485,2,false,true,false,false,true
383,1,1,0.5144592151841049,1,0,52.0,0.39858208016340624,0,true,false,false,false,true
384,0,3,-0.07928377634524714,0,0,7.8958,-0.4894421904510967,2,false,true,false,false,true
385,0,2,-0.9274880499586071,0,0,73.5,0.8314778546749452,0,false,true,false,false,true
386,0,3,-2.369435315101319,5,2,46.9,0.2958951755118319,1,false,true,false,false,true
387,1,2,0.5992796425454409,0,0,13.0,-0.3866707201133387,1,true,false,false,false,true
388,0,3,-0.07928377634524714,0,0,7.7292,-0.49279662933638146,2,false,true,false,true,false
389,1,2,-1.0123084773199431,0,0,12.0,-0.40680540729992193,1,true,false,true,false,false
390,1,1,0.5992796425454409,1,2,120.0,1.7677408088510642,0,false,true,false,false,true
391,1,3,-0.6730267678745991,0,0,7.7958,-0.49145565916975503,2,false,true,false,false,true
392,0,3,-0.07928377634524714,2,0,7.925,-0.4888542575852485,2,false,true,false,false,true
393,1,1,-0.5033859131519272,1,0,113.275,1.6323350375212922,0,true,false,true,false,false
394,1,3,-0.41856548579059116,0,2,16.7,-0.3121723775229808,1,true,false,false,false,true
395,0,3,-0.5882063405132631,0,0,7.7958,-0.49145565916975503,2,false,true,false,false,true
396,0,3,-0.07928377634524714,0,0,7.8542,-0.49027979343805855,2,true,false,false,false,true
397,0,2,1.447483916158801,0,0,26.0,-0.12491978668775705,1,false,true,false,false,true
398,0,2,-0.5033859131519272,0,0,10.5,-0.4370074380797967,1,false,true,false,false,true
399,1,2,-0.07928377634524714,0,0,12.65,-0.39371786062864284,1,true,false,false,false,true
400,1,3,0.853740924629449,0,0,7.925,-0.4888542575852485,2,false,true,false,false,true
401,0,3,-0.24892463106791915,0,0,8.05,-0.48633742168692556,2,false,true,false,false,true
402,0,3,-0.6730267678745991,1,0,9.825,-0.4505983519307404,2,true,false,false,false,true
403,0,3,-0.07928377634524714,1,0,15.85,-0.32928686163157656,1,false,true,false,false,true
404,0,3,-0.7578471952359351,0,0,8.6625,-0.47400492578514336,2,true,false,false,false,true
405,0,2,0.4296387878227689,1,0,21.0,-0.22559322262067308,1,false,true,false,false,true
406,0,3,1.8715860529654809,0,0,7.75,-0.4923778278429005,2,false,true,false,false,true
407,1,2,-2.199794460378647,1,1,18.75,-0.2708962687904853,1,false,true,false,false,true
408,0,3,-0.07928377634524714,0,0,7.775,-0.4918744606632359,2,false,true,false,false,true
409,0,3,-0.07928377634524714,3,1,25.4667,-0.13565761536436186,1,true,false,false,false,true
410,0,3,-0.07928377634524714,0,0,7.8958,-0.4894421904510967,2,false,true,false,false,true
411,0,3,-0.07928377634524714,0,0,6.8583,-0.5103319284071768,2,false,true,false,true,false
412,1,1,0.3448183604614329,1,0,90.0,1.163700193253568,0,true,false,false,true,false
413,0,2,-0.07928377634524714,0,0,0.0,-0.6484216535389203,3,false,true,false,false,true
414,1,3,1.277843061436129,0,0,7.925,-0.4888542575852485,2,false,true,false,false,true
415,0,3,-0.07928377634524714,0,0,8.05,-0.48633742168692556,2,true,false,false,false,true
416,1,2,-0.07928377634524714,1,1,32.5,0.005955680025033772,1,true,false,false,false,true
417,1,2,-0.9274880499586071,0,2,13.0,-0.3866707201133387,1,true,false,false,false,true
418,0,2,0.09035707837742488,0,0,13.0,-0.3866707201133387,1,false,true,false,false,true
419,0,3,-1.6060514688492953,0,2,24.15,-0.16216895798293599,1,true,false,false,false,true
420,0,3,-0.07928377634524714,0,0,7.8958,-0.4894421904510967,2,false,true,false,false,true
421,0,3,-0.6730267678745991,0,0,7.7333,-0.49271407711891646,2,false,true,false,true,false
422,0,3,-0.07928377634524714,0,0,7.875,-0.4898609919445776,2,false,true,false,false,true
423,0,3,-0.07928377634524714,1,1,14.4,-0.35848215805212225,1,true,false,false,false,true
424,0,3,-0.9274880499586071,1,1,20.2125,-0.24144928878010735,1,false,true,false,false,true
425,0,3,-0.07928377634524714,0,0,7.25,-0.5024451714361922,2,false,true,false,false,true
426,1,2,-0.07928377634524714,1,0,26.0,-0.12491978668775705,1,true,false,false,false,true
427,1,2,-0.8426676225972711,0,0,26.0,-0.12491978668775705,1,true,false,false,false,true
428,0,3,-0.07928377634524714,0,0,7.75,-0.4923778278429005,2,false,true,false,true,false
429,1,3,0.2599979331000969,0,0,8.05,-0.48633742168692556,2,false,true,false,false,true
430,1,1,-0.07928377634524714,0,0,26.55,-0.11384570873513629,1,false,true,false,false,true
431,1,3,-0.07928377634524714,1,0,16.1,-0.32425318983493073,1,true,false,false,false,true
432,1,2,1.108202206713457,1,0,26.0,-0.12491978668775705,1,true,false,false,false,true
433,0,3,-1.0123084773199431,0,0,7.125,-0.504962007334515,2,false,true,false,false,true
434,0,1,1.7867656256041449,1,0,55.9,0.47710736019108074,0,false,true,false,false,true
435,1,1,-1.266769759403951,1,2,120.0,1.7677408088510642,0,true,false,false,false,true
436,0,3,-0.6730267678745991,2,2,34.375,0.04370821849987728,1,true,false,false,false,true
437,1,2,-0.41856548579059116,2,3,18.75,-0.2708962687904853,1,true,false,false,false,true
438,0,1,2.9742516086628488,1,4,263.0,4.6470010765324625,0,false,true,false,false,true
439,0,2,-0.07928377634524714,0,0,10.5,-0.4370074380797967,1,false,true,false,false,true
440,1,2,1.362663488797465,1,1,26.25,-0.11988611489111126,1,true,false,false,false,true
441,0,3,-0.7578471952359351,0,0,9.5,-0.45714212526637993,2,false,true,false,false,true
442,0,3,-0.07928377634524714,1,0,7.775,-0.4918744606632359,2,false,true,false,false,true
443,1,2,-0.07928377634524714,0,0,13.0,-0.3866707201133387,1,true,false,false,false,true
444,1,3,-0.07928377634524714,0,0,8.1125,-0.48507900373776414,2,false,true,false,false,true
445,1,1,-2.1149740330173112,0,2,81.8583,0.9997696105865637,0,false,true,false,false,true
446,1,2,-0.07928377634524714,0,1,19.5,-0.2557952534005479,1,true,false,false,false,true
447,1,1,-0.07928377634524714,0,0,26.55,-0.11384570873513629,1,false,true,false,false,true
448,1,3,-0.07928377634524714,2,1,19.2583,-0.26066180729354504,1,true,false,false,false,true
449,1,1,1.9564064803268169,0,0,30.5,-0.03431369434813264,1,false,true,false,false,true
450,0,2,0.5992796425454409,1,2,27.75,-0.08968408411123645,1,false,true,false,false,true
451,0,3,-0.07928377634524714,1,0,19.9667,-0.24639839489056947,1,false,true,false,false,true
452,0,1,0.09035707837742488,0,0,27.75,-0.08968408411123645,1,false,true,false,false,true
453,1,1,1.7019451982428089,1,0,89.1042,1.1456635404718272,0,false,true,true,false,false
454,0,3,-0.07928377634524714,0,0,8.05,-0.48633742168692556,2,false,true,false,false,true
455,1,3,0.005536651016088867,0,0,7.8958,-0.4894421904510967,2,false,true,false,false,true
456,0,1,3.0590720360241845,0,0,26.55,-0.11384570873513629,1,false,true,false,false,true
457,1,1,-0.07928377634524714,1,0,51.8625,0.3958135606752511,0,true,false,false,false,true
458,1,2,1.7867656256041449,0,0,10.5,-0.4370074380797967,1,true,false,false,false,true
459,0,3,-0.07928377634524714,0,0,7.75,-0.4923778278429005,2,false,true,false,true,false
460,1,1,1.6171247708814729,0,0,26.55,-0.11384570873513629,1,false,true,false,false,true
461,0,3,0.4296387878227689,0,0,8.05,-0.48633742168692556,2,false,true,false,false,true
462,0,1,-0.07928377634524714,0,0,38.5,0.126763803144533,1,false,true,false,false,true
463,0,2,1.6171247708814729,0,0,13.0,-0.3866707201133387,1,false,true,false,false,true
464,0,3,-0.07928377634524714,0,0,8.05,-0.48633742168692556,2,false,true,false,false,true
465,0,3,-0.07928377634524714,0,0,7.05,-0.5064721088735088,2,false,true,false,false,true
466,0,2,-0.07928377634524714,0,0,0.0,-0.6484216535389203,3,false,true,false,false,true
467,0,1,2.295688189772161,0,0,26.55,-0.11384570873513629,1,false,true,false,false,true
468,0,3,-0.07928377634524714,0,0,7.725,-0.4928811950225651,2,false,true,false,true,false
469,1,3,-2.390640421941653,2,1,19.2583,-0.26066180729354504,1,true,false,true,false,false
470,0,3,-0.07928377634524714,0,0,7.25,-0.5024451714361922,2,false,true,false,false,true
471,0,3,0.7689204972681128,0,0,8.6625,-0.47400492578514336,2,false,true,false,false,true
472,1,2,0.3448183604614329,1,2,27.75,-0.08968408411123645,1,true,false,false,false,true
473,1,2,-0.5033859131519272,0,0,13.7917,-0.37073008826772075,1,true,false,true,false,false
474,0,3,-0.5882063405132631,0,0,9.8375,-0.4503466683409081,2,true,false,false,false,true
475,0,1,-0.07928377634524714,0,0,52.0,0.39858208016340624,0,false,true,false,false,true
476,0,2,0.4296387878227689,1,0,21.0,-0.22559322262067308,1,false,true,false,false,true
477,0,3,-0.07928377634524714,1,0,7.0458,-0.5065566745596924,2,false,true,false,false,true
478,0,3,-0.5882063405132631,0,0,7.5208,-0.4969926981460654,2,false,true,false,false,true
479,1,3,-2.2846148877399832,0,1,12.2875,-0.4010166847337792,1,true,false,false,false,true
480,0,3,-1.6908718962106313,5,2,46.9,0.2958951755118319,1,false,true,false,false,true
481,0,2,-0.07928377634524714,0,0,0.0,-0.6484216535389203,3,false,true,false,false,true
482,0,3,1.7867656256041449,0,0,8.05,-0.48633742168692556,2,false,true,false,false,true
483,1,3,2.8894311813015126,0,0,9.5875,-0.4553803401375539,2,true,false,false,false,true
484,1,1,-0.33374505842925517,1,0,91.0792,1.1854295476653287,0,false,true,false,false,true
485,0,3,-0.07928377634524714,3,1,25.4667,-0.13565761536436186,1,true,false,false,false,true
486,1,1,0.5144592151841049,1,0,90.0,1.163700193253568,0,true,false,false,false,true
487,0,1,2.465329044494833,0,0,29.7,-0.0504214440973992,1,false,true,true,false,false
488,0,3,0.09035707837742488,0,0,8.05,-0.48633742168692556,2,false,true,false,false,true
489,1,3,-1.6908718962106313,1,1,15.9,-0.3282801272722474,1,false,true,false,false,true
490,0,3,-0.07928377634524714,1,0,19.9667,-0.24639839489056947,1,false,true,false,false,true
491,0,3,-0.6730267678745991,0,0,7.25,-0.5024451714361922,2,false,true,false,false,true
492,0,1,2.210867762410825,0,0,30.5,-0.03431369434813264,1,false,true,false,false,true
493,0,1,-0.07928377634524714,0,0,49.5042,0.34832992788313183,1,false,true,true,false,false
494,0,3,-0.07928377634524714,0,0,8.05,-0.48633742168692556,2,false,true,false,false,true
495,0,3,-0.07928377634524714,0,0,14.4583,-0.3573083057891444,1,false,true,true,false,false
496,1,1,2.126047335049489,1,0,78.2667,0.9274538680872313,0,true,false,false,false,true
497,0,3,-0.07928377634524714,0,0,15.1,-0.34438787702151397,1,false,true,false,false,true
498,0,1,-0.33374505842925517,1,2,151.55,2.402990189587764,0,true,false,false,false,true
499,0,3,-0.41856548579059116,0,0,7.7958,-0.49145565916975503,2,false,true,false,false,true
500,0,3,-1.0123084773199431,0,0,8.6625,-0.47400492578514336,2,false,true,false,false,true
501,0,3,-0.6730267678745991,0,0,7.75,-0.4923778278429005,2,true,false,false,true,false
502,0,3,-0.07928377634524714,0,0,7.6292,-0.4948100980550398,2,true,false,false,true,false
503,0,3,0.6841000699067769,0,0,9.5875,-0.4553803401375539,2,true,false,false,false,true
504,1,1,-1.097128904681279,0,0,86.5,1.093228788100527,0,true,false,false,false,true
505,0,1,-0.9274880499586071,1,0,108.9,1.5442457810799906,0,false,true,true,false,false
506,1,2,0.3448183604614329,0,2,26.0,-0.12491978668775705,1,true,false,false,false,true
507,1,1,-0.07928377634524714,0,0,26.55,-0.11384570873513629,1,false,true,false,false,true
508,0,3,-0.07928377634524714,0,0,22.525,-0.1948878246611337,1,false,true,false,false,true
509,1,3,-0.24892463106791915,0,0,56.4958,0.48910360681684706,0,false,true,false,false,true
510,1,3,0.005536651016088867,0,0,7.75,-0.4923778278429005,2,false,true,false,true,false
511,0,3,-0.07928377634524714,0,0,8.05,-0.48633742168692556,2,false,true,false,false,true
512,1,1,-0.07928377634524714,0,0,26.2875,-0.11913106412161438,1,false,true,false,false,true
513,1,1,2.126047335049489,1,0,59.4,0.547578765344122,0,true,false,true,false,false
514,0,3,-0.41856548579059116,0,0,7.4958,-0.49749606532573,2,false,true,false,false,true
515,0,1,1.532304343520137,0,0,34.0208,0.03657651229838957,1,false,true,false,false,true
516,1,2,0.4296387878227689,0,0,10.5,-0.4370074380797967,1,true,false,false,false,true
517,0,3,-0.07928377634524714,0,0,24.15,-0.16216895798293599,1,false,true,false,true,false
518,1,2,0.5992796425454409,1,0,26.0,-0.12491978668775705,1,true,false,false,false,true
519,0,3,0.2599979331000969,0,0,7.8958,-0.4894421904510967,2,false,true,false,false,true
520,1,1,0.09035707837742488,0,0,93.5,1.2341715984066093,0,true,false,false,false,true
521,0,3,-0.5882063405132631,0,0,7.8958,-0.4894421904510967,2,false,true,false,false,true
522,0,3,-0.07928377634524714,0,0,7.225,-0.5029485386158568,2,false,true,true,false,false
523,1,1,1.277843061436129,0,1,57.9792,0.5189714017894245,0,true,false,true,false,false
524,0,3,-0.07928377634524714,0,0,7.2292,-0.502863972929673,2,false,true,true,false,false
525,0,3,0.9809715656714529,0,0,7.75,-0.4923778278429005,2,false,true,false,true,false
526,1,2,1.7867656256041449,0,0,10.5,-0.4370074380797967,1,true,false,false,false,true
527,0,1,-0.07928377634524714,0,0,221.7792,3.8170331629517538,0,false,true,false,false,true
528,0,3,0.853740924629449,0,0,7.925,-0.4888542575852485,2,false,true,false,false,true
529,0,2,-0.07928377634524714,2,1,11.5,-0.4168727508932135,1,false,true,false,false,true
530,1,2,-2.2846148877399832,1,1,26.0,-0.12491978668775705,1,true,false,false,false,true
531,0,3,-0.07928377634524714,0,0,7.2292,-0.502863972929673,2,false,true,true,false,false
532,0,3,-0.07928377634524714,1,1,7.2292,-0.502863972929673,2,false,true,true,false,false
533,1,3,-0.07928377634524714,0,2,22.3583,-0.1982442770151371,1,true,false,true,false,false
534,0,3,0.09035707837742488,0,0,8.6625,-0.47400492578514336,2,true,false,false,false,true
535,1,2,-1.8605127509333033,0,2,26.25,-0.11988611489111126,1,true,false,false,false,true
536,0,1,1.362663488797465,0,0,26.55,-0.11384570873513629,1,false,true,false,false,true
537,1,1,0.09035707837742488,0,0,106.425,1.4944124302931971,0,true,false,true,false,false
538,0,3,-0.07928377634524714,0,0,14.5,-0.35646868933346393,1,false,true,false,false,true
539,1,1,-0.07928377634524714,0,2,49.5,0.34824536219694824,1,true,false,true,false,false
540,1,1,0.5992796425454409,0,2,71.0,0.7811411367084872,0,true,false,false,false,true
541,0,3,-0.07928377634524714,4,2,31.275,-0.018709311778530652,1,true,false,false,false,true
542,0,3,-1.5212310414879593,4,2,31.275,-0.018709311778530652,1,true,false,false,false,true
543,1,2,0.2599979331000969,1,0,26.0,-0.12491978668775705,1,false,true,false,false,true
544,0,1,1.7867656256041449,1,0,106.425,1.4944124302931971,0,false,true,true,false,false
545,0,1,-0.07928377634524714,0,0,26.0,-0.12491978668775705,1,false,true,false,false,true
546,1,2,-0.8426676225972711,1,0,26.0,-0.12491978668775705,1,true,false,false,false,true
547,1,2,-0.07928377634524714,0,0,13.8625,-0.36930455241491067,1,false,true,true,false,false
548,0,3,0.3448183604614329,1,1,20.525,-0.2351571990343001,1,false,true,false,false,true
549,1,2,-1.7756923235719673,1,1,36.75,0.09152810056801239,1,false,true,false,false,true
550,1,1,-1.0123084773199431,0,2,110.8833,1.5841789061771412,0,false,true,true,false,false
551,0,2,-0.16410420370658313,0,0,26.0,-0.12491978668775705,1,false,true,false,false,true
552,0,3,-0.07928377634524714,0,0,7.8292,-0.49078316061772315,2,false,true,false,true,false
553,1,3,-0.5882063405132631,0,0,7.225,-0.5029485386158568,2,false,true,true,false,false
554,1,3,-0.5882063405132631,0,0,7.775,-0.4918744606632359,2,true,false,false,false,true
555,0,1,2.804610753940177,0,0,26.55,-0.11384570873513629,1,false,true,false,false,true
556,1,1,1.6171247708814729,1,0,39.6,0.14891195904977453,1,true,false,false,false,true
557,0,1,-0.07928377634524714,0,0,227.525,3.9327230485884233,0,false,true,true,false,false
558,1,1,0.853740924629449,1,1,79.65,0.9553061808724319,0,true,false,false,false,true
559,1,3,0.5992796425454409,1,0,17.4,-0.2980780964923726,1,true,false,false,false,true
560,0,3,-0.07928377634524714,0,0,7.75,-0.4923778278429005,2,false,true,false,true,false
561,0,3,0.9385613519907849,0,0,7.8958,-0.4894421904510967,2,false,true,false,false,true
562,0,2,-0.07928377634524714,0,0,13.5,-0.3766033765200471,1,false,true,false,false,true
563,0,3,-0.07928377634524714,0,0,8.05,-0.48633742168692556,2,false,true,false,false,true
564,0,3,-0.07928377634524714,0,0,8.05,-0.48633742168692556,2,true,false,false,false,true
565,0,3,-0.41856548579059116,2,0,24.15,-0.16216895798293599,1,false,true,false,false,true
566,0,3,-0.8426676225972711,0,0,7.8958,-0.4894421904510967,2,false,true,false,false,true
567,0,3,0.005536651016088867,0,4,21.075,-0.22408312108167933,1,true,false,false,false,true
568,0,3,-0.07928377634524714,0,0,7.2292,-0.502863972929673,2,false,true,true,false,false
569,1,3,0.2599979331000969,0,0,7.8542,-0.49027979343805855,2,false,true,false,false,true
570,1,2,2.804610753940177,0,0,10.5,-0.4370074380797967,1,false,true,false,false,true
571,1,1,2.041226907688153,2,0,51.4792,0.38809593507663365,0,true,false,false,false,true
572,1,1,0.5992796425454409,0,0,26.3875,-0.11711759540295606,1,false,true,false,false,true
573,1,3,-0.07928377634524714,0,0,7.75,-0.4923778278429005,2,true,false,false,true,false
574,0,3,-1.097128904681279,0,0,8.05,-0.48633742168692556,2,false,true,false,false,true
575,0,3,-0.8426676225972711,0,0,14.5,-0.35646868933346393,1,false,true,false,false,true
576,1,2,0.4296387878227689,0,0,13.0,-0.3866707201133387,1,true,false,false,false,true
577,1,1,0.853740924629449,1,0,55.9,0.47710736019108074,0,true,false,false,false,true
578,0,3,-0.07928377634524714,1,0,14.4583,-0.3573083057891444,1,true,false,true,false,false
579,1,3,0.2599979331000969,0,0,7.925,-0.4888542575852485,2,false,true,false,false,true
580,1,2,-0.33374505842925517,1,1,30.0,-0.044381037941424235,1,true,false,false,false,true
581,1,1,0.853740924629449,1,1,110.8833,1.5841789061771412,0,true,false,true,false,false
582,0,2,2.126047335049489,0,0,26.0,-0.12491978668775705,1,false,true,false,false,true
583,0,1,0.5992796425454409,0,0,40.125,0.1594826698227307,1,false,true,true,false,false
584,0,3,-0.07928377634524714,0,0,8.7125,-0.4729981914258142,2,false,true,true,false,false
585,1,1,-0.07928377634524714,0,2,79.65,0.9553061808724319,0,true,false,false,false,true
586,0,2,1.532304343520137,0,0,15.0,-0.3464013457401723,1,false,true,false,false,true
587,1,1,2.634969899217505,1,1,79.2,0.9462455716384695,0,false,true,true,false,false
588,0,3,-0.5882063405132631,0,0,8.05,-0.48633742168692556,2,false,true,false,false,true
589,0,3,-0.07928377634524714,0,0,8.05,-0.48633742168692556,2,false,true,false,false,true
590,0,3,-0.07928377634524714,0,0,7.125,-0.504962007334515,2,false,true,false,false,true
591,1,1,-0.07928377634524714,1,0,78.2667,0.9274538680872313,0,true,false,true,false,false
592,0,3,1.532304343520137,0,0,7.25,-0.5024451714361922,2,false,true,false,false,true
593,0,3,-0.07928377634524714,0,2,7.75,-0.4923778278429005,2,true,false,false,true,false
594,0,2,-0.07928377634524714,1,0,26.0,-0.12491978668775705,1,false,true,false,false,true
595,0,3,0.5992796425454409,1,1,24.15,-0.16216895798293599,1,false,true,false,false,true
596,1,2,-0.07928377634524714,0,0,33.0,0.016023023618325374,1,true,false,false,false,true
597,0,3,1.7019451982428089,0,0,0.0,-0.6484216535389203,3,false,true,false,false,true
598,0,3,-0.07928377634524714,0,0,7.225,-0.5029485386158568,2,false,true,true,false,false
599,1,1,-0.07928377634524714,1,0,56.9292,0.4978299802435121,0,false,true,true,false,false
600,1,2,-0.41856548579059116,2,1,27.0,-0.10478509950117385,1,true,false,false,false,true
601,0,3,-0.07928377634524714,0,0,7.8958,-0.4894421904510967,2,false,true,false,false,true
602,0,1,-0.07928377634524714,0,0,42.4,0.20528908317220748,1,false,true,false,false,true
603,0,3,1.277843061436129,0,0,8.05,-0.48633742168692556,2,false,true,false,false,true
604,1,1,-0.07928377634524714,0,0,26.55,-0.11384570873513629,1,false,true,true,false,false
605,0,3,-0.07928377634524714,1,0,15.55,-0.33532726778755156,1,false,true,false,false,true
606,0,3,0.09035707837742488,0,0,7.8958,-0.4894421904510967,2,false,true,false,false,true
607,1,1,-0.16410420370658313,0,0,30.5,-0.03431369434813264,1,false,true,false,false,true
608,1,2,-0.5882063405132631,1,2,41.5792,0.18876253192945994,1,true,false,true,false,false
609,1,1,0.9385613519907849,0,0,153.4625,2.4414977788321046,0,true,false,false,false,true
610,0,3,0.853740924629449,1,5,31.275,-0.018709311778530652,1,true,false,false,false,true
611,0,3,-0.07928377634524714,0,0,7.05,-0.5064721088735088,2,false,true,false,false,true
612,1,3,-0.07928377634524714,1,0,15.5,-0.3363340021468807,1,true,false,false,true,false
613,0,3,-0.07928377634524714,0,0,7.75,-0.4923778278429005,2,false,true,false,true,false
614,0,3,0.5144592151841049,0,0,8.05,-0.48633742168692556,2,false,true,false,false,true
615,1,2,-0.41856548579059116,1,2,65.0,0.660333013588988,0,true,false,false,false,true
616,0,3,0.4296387878227689,1,1,14.4,-0.35848215805212225,1,false,true,false,false,true
617,0,3,-0.24892463106791915,1,0,16.1,-0.32425318983493073,1,true,false,false,false,true
618,1,2,-2.1149740330173112,2,1,39.0,0.1368311467378246,1,true,false,false,false,true
619,0,2,-0.24892463106791915,0,0,10.5,-0.4370074380797967,1,false,true,false,false,true
620,0,3,-0.07928377634524714,1,0,14.4542,-0.3573908580066094,1,false,true,true,false,false
621,1,1,-0.07928377634524714,1,0,52.5542,0.4097407238022106,0,false,true,false,false,true
622,1,3,-0.7578471952359351,1,1,15.7417,-0.3314674482538835,1,false,true,true,false,false
623,0,3,-0.6730267678745991,0,0,7.8542,-0.49027979343805855,2,false,true,false,false,true
624,0,3,-0.6730267678745991,0,0,16.1,-0.32425318983493073,1,false,true,false,false,true
625,0,1,-0.07928377634524714,0,0,32.3208,0.0023475440811980466,1,false,true,false,false,true
626,0,2,2.380508617133497,0,0,12.35,-0.3997582667846178,1,false,true,false,true,false
627,1,1,-0.6730267678745991,0,0,77.9583,0.9212443305588889,0,true,false,false,false,true
628,0,3,-0.24892463106791915,0,0,7.8958,-0.4894421904510967,2,false,true,false,false,true
629,0,3,-0.07928377634524714,0,0,7.7333,-0.49271407711891646,2,false,true,false,true,false
630,1,1,4.331378446444225,0,0,30.0,-0.044381037941424235,1,false,true,false,false,true
631,0,3,1.8715860529654809,0,0,7.0542,-0.5063875431873252,2,false,true,false,false,true
632,1,1,0.2599979331000969,0,0,30.5,-0.03431369434813264,1,false,true,true,false,false
633,0,1,-0.07928377634524714,0,0,0.0,-0.6484216535389203,3,false,true,false,false,true
634,0,3,-1.6908718962106313,3,2,27.9,-0.08666388103324897,1,true,false,false,false,true
635,1,2,-0.07928377634524714,0,0,13.0,-0.3866707201133387,1,true,false,false,false,true
636,0,3,0.2599979331000969,0,0,7.925,-0.4888542575852485,2,false,true,false,false,true
637,0,2,0.17517750573876087,1,1,26.25,-0.11988611489111126,1,false,true,false,false,true
638,0,3,1.023381779352121,0,5,39.6875,0.15067374417860055,1,true,false,false,false,true
639,0,3,-0.07928377634524714,1,0,16.1,-0.32425318983493073,1,false,true,false,false,true
640,0,3,-0.7578471952359351,0,0,7.8542,-0.49027979343805855,2,false,true,false,false,true
641,1,1,-0.41856548579059116,0,0,69.3,0.7469121684912957,0,true,false,true,false,false
642,0,3,-2.2846148877399832,3,2,27.9,-0.08666388103324897,1,true,false,false,false,true
643,1,3,-0.07928377634524714,0,0,56.4958,0.48910360681684706,0,false,true,false,false,true
644,1,3,-2.390640421941653,2,1,19.2583,-0.26066180729354504,1,true,false,true,false,false
645,1,1,1.6171247708814729,1,0,76.7292,0.8964967865378599,0,false,true,true,false,false
646,0,3,-0.8426676225972711,0,0,7.8958,-0.4894421904510967,2,false,true,false,false,true
647,1,1,2.295688189772161,0,0,35.5,0.06635974158478339,1,false,true,true,false,false
648,0,3,-0.07928377634524714,0,0,7.55,-0.49640476528021715,2,false,true,false,false,true
649,1,3,-0.5033859131519272,0,0,7.55,-0.49640476528021715,2,true,false,false,false,true
650,0,3,-0.07928377634524714,0,0,7.8958,-0.4894421904510967,2,false,true,false,false,true
651,1,2,-0.9274880499586071,0,1,23.0,-0.18532384824750667,1,true,false,false,false,true
652,0,3,-0.07928377634524714,0,0,8.4333,-0.47861979608830824,2,false,true,false,false,true
653,1,3,-0.07928377634524714,0,0,7.8292,-0.49078316061772315,2,true,false,false,true,false
654,0,3,-0.9274880499586071,0,0,6.75,-0.5125125150294837,2,true,false,false,true,false
655,0,2,-0.41856548579059116,2,0,73.5,0.8314778546749452,0,false,true,false,false,true
656,0,3,-0.07928377634524714,0,0,7.8958,-0.4894421904510967,2,false,true,false,false,true
657,0,3,0.2599979331000969,1,1,15.5,-0.3363340021468807,1,true,false,false,true,false
658,0,2,-0.5033859131519272,0,0,13.0,-0.3866707201133387,1,false,true,false,false,true
659,0,1,-0.07928377634524714,0,2,113.275,1.6323350375212922,0,false,true,true,false,false
660,1,1,1.7867656256041449,2,0,133.65,2.042579288947925,0,false,true,false,false,true
661,0,3,0.9385613519907849,0,0,7.225,-0.5029485386158568,2,false,true,true,false,false
662,0,1,1.532304343520137,0,0,25.5875,-0.13322534515222262,1,false,true,false,false,true
663,0,3,0.5992796425454409,0,0,7.4958,-0.49749606532573,2,false,true,false,false,true
664,1,3,-0.7578471952359351,1,0,7.925,-0.4888542575852485,2,false,true,false,false,true
665,0,2,0.2599979331000969,2,0,73.5,0.8314778546749452,0,false,true,false,false,true
666,0,2,-0.33374505842925517,0,0,13.0,-0.3866707201133387,1,false,true,false,false,true
667,0,3,-0.07928377634524714,0,0,7.775,-0.4918744606632359,2,false,true,false,false,true
668,0,3,-0.07928377634524714,0,0,8.05,-0.48633742168692556,2,false,true,false,false,true
669,1,1,-0.07928377634524714,1,0,52.0,0.39858208016340624,0,true,false,false,false,true
670,1,2,-0.07928377634524714,1,1,39.0,0.1368311467378246,1,true,false,false,false,true
671,0,1,0.17517750573876087,1,0,52.0,0.39858208016340624,0,false,true,false,false,true
672,0,2,3.4831741728308647,0,0,10.5,-0.4370074380797967,1,false,true,false,false,true
673,1,2,-0.07928377634524714,0,0,13.0,-0.3866707201133387,1,false,true,false,false,true
674,0,2,-0.07928377634524714,0,0,0.0,-0.6484216535389203,3,false,true,false,false,true
675,0,3,-0.9274880499586071,0,0,7.775,-0.4918744606632359,2,false,true,false,false,true
676,0,3,-0.37615527210992317,0,0,8.05,-0.48633742168692556,2,false,true,false,false,true
677,1,3,-0.9274880499586071,0,0,9.8417,-0.45026210265472444,2,true,false,false,false,true
678,0,3,1.193022634074793,1,6,46.9,0.2958951755118319,1,true,false,false,false,true
679,1,1,0.5992796425454409,0,1,512.3292,9.667166525013503,0,false,true,true,false,false
680,0,3,-0.07928377634524714,0,0,8.1375,-0.48457563655809954,2,true,false,false,true,false
681,1,1,-0.16410420370658313,0,0,76.7292,0.8964967865378599,0,false,true,true,false,false
682,0,3,-0.07928377634524714,0,0,9.225,-0.4626791642426903,2,false,true,false,false,true
683,0,3,-1.266769759403951,5,2,46.9,0.2958951755118319,1,false,true,false,false,true
684,0,2,2.634969899217505,1,1,39.0,0.1368311467378246,1,false,true,false,false,true
685,0,2,-0.33374505842925517,1,2,41.5792,0.18876253192945994,1,false,true,true,false,false
686,0,3,-1.266769759403951,4,1,39.6875,0.15067374417860055,1,false,true,false,false,true
687,0,3,-0.8426676225972711,0,0,10.1708,-0.44363577710161994,1,false,true,false,false,true
688,0,3,-0.9274880499586071,0,0,7.7958,-0.49145565916975503,2,false,true,false,false,true
689,1,1,-1.181949332042615,0,1,211.3375,3.6067927997556075,0,true,false,false,false,true
690,1,1,0.17517750573876087,1,0,57.0,0.4992555160963223,0,false,true,false,false,true
691,1,3,-2.1149740330173112,0,1,13.4167,-0.3782805959626895,1,true,false,true,false,false
692,1,3,-0.07928377634524714,0,0,56.4958,0.48910360681684706,0,false,true,false,false,true
693,0,3,-0.33374505842925517,0,0,7.225,-0.5029485386158568,2,false,true,false,false,true
694,0,1,2.634969899217505,0,0,26.55,-0.11384570873513629,1,false,true,false,false,true
695,0,2,1.9564064803268169,0,0,13.5,-0.3766033765200471,1,false,true,false,false,true
696,0,3,-0.07928377634524714,0,0,8.05,-0.48633742168692556,2,false,true,false,false,true
697,1,3,-0.07928377634524714,0,0,7.7333,-0.49271407711891646,2,true,false,false,true,false
698,0,1,1.7019451982428089,1,1,110.8833,1.5841789061771412,0,false,true,true,false,false
699,0,3,1.108202206713457,0,0,7.65,-0.49439129656155884,2,false,true,false,false,true
700,1,1,-0.9274880499586071,1,0,227.525,3.9327230485884233,0,true,false,true,false,false
701,1,1,0.5144592151841049,0,0,26.2875,-0.11913106412161438,1,false,true,false,false,true
702,0,3,-0.9274880499586071,0,1,14.4542,-0.3573908580066094,1,true,false,true,false,false
703,0,3,-0.33374505842925517,0,0,7.7417,-0.49254494574654917,2,false,true,false,true,false
704,0,3,-0.24892463106791915,1,0,7.8542,-0.49027979343805855,2,false,true,false,false,true
705,0,2,0.853740924629449,0,0,26.0,-0.12491978668775705,1,false,true,false,false,true
706,1,2,1.362663488797465,0,0,13.5,-0.3766033765200471,1,true,false,false,false,true
707,1,1,1.108202206713457,0,0,26.2875,-0.11913106412161438,1,false,true,false,false,true
708,1,1,-0.5882063405132631,0,0,151.55,2.402990189587764,0,true,false,false,false,true
709,1,3,-0.07928377634524714,1,1,15.2458,-0.34145223962971016,1,false,true,true,false,false
710,1,1,-0.41856548579059116,0,0,49.5042,0.34832992788313183,1,true,false,true,false,false
711,0,1,-0.07928377634524714,0,0,26.55,-0.11384570873513629,1,false,true,false,false,true
712,1,1,-0.07928377634524714,1,0,52.0,0.39858208016340624,0,false,true,false,false,true
713,0,3,0.005536651016088867,0,0,9.4833,-0.45747837454239587,2,false,true,false,false,true
714,0,2,1.9564064803268169,0,0,13.0,-0.3866707201133387,1,false,true,false,false,true
715,0,3,-0.8426676225972711,0,0,7.65,-0.49439129656155884,2,false,true,false,false,true
716,1,1,0.7689204972681128,0,0,227.525,3.9327230485884233,0,true,false,true,false,false
717,1,2,-0.16410420370658313,0,0,10.5,-0.4370074380797967,1,true,false,false,false,true
718,0,3,-0.07928377634524714,0,0,15.5,-0.3363340021468807,1,false,true,false,true,false
719,0,3,0.3448183604614329,0,0,7.775,-0.4918744606632359,2,false,true,false,false,true
720,1,2,-0.07928377634524714,0,1,33.0,0.016023023618325374,1,true,false,false,false,true
721,0,3,-1.0123084773199431,1,0,7.0542,-0.5063875431873252,2,false,true,false,false,true
722,0,2,0.4296387878227689,0,0,13.0,-0.3866707201133387,1,false,true,false,false,true
723,0,2,1.7867656256041449,0,0,13.0,-0.3866707201133387,1,false,true,false,false,true
724,1,1,-0.16410420370658313,1,0,53.1,0.4207302360686478,0,false,true,false,false,true
725,0,3,-0.7578471952359351,0,0,8.6625,-0.47400492578514336,2,false,true,false,false,true
726,1,2,0.09035707837742488,3,0,21.0,-0.22559322262067308,1,true,false,false,false,true
727,1,3,-0.07928377634524714,0,0,7.7375,-0.4926295114327328,2,true,false,false,true,false
728,0,2,-0.33374505842925517,1,0,26.0,-0.12491978668775705,1,false,true,false,false,true
729,0,3,-0.33374505842925517,1,0,7.925,-0.4888542575852485,2,true,false,false,false,true
730,1,1,0.005536651016088867,0,0,211.3375,3.6067927997556075,0,true,false,false,false,true
731,0,3,-1.5212310414879593,0,0,18.7875,-0.2701412180209884,1,false,true,true,false,false
732,0,2,-0.07928377634524714,0,0,0.0,-0.6484216535389203,3,false,true,false,false,true
733,0,2,-0.5033859131519272,0,0,13.0,-0.3866707201133387,1,false,true,false,false,true
734,0,2,-0.5033859131519272,0,0,13.0,-0.3866707201133387,1,false,true,false,false,true
735,0,3,-0.03687356266457913,0,0,16.1,-0.32425318983493073,1,false,true,false,false,true
736,0,3,-0.07928377634524714,1,3,34.375,0.04370821849987728,1,true,false,false,false,true
737,1,1,0.5144592151841049,0,0,512.3292,9.667166525013503,0,false,true,true,false,false
738,0,3,-0.07928377634524714,0,0,7.8958,-0.4894421904510967,2,false,true,false,false,true
739,0,3,-0.07928377634524714,0,0,7.8958,-0.4894421904510967,2,false,true,false,false,true
740,1,1,-0.07928377634524714,0,0,30.0,-0.044381037941424235,1,false,true,false,false,true
741,0,1,0.5992796425454409,1,0,78.85,0.9391984311231654,0,false,true,false,false,true
742,1,1,-0.6730267678745991,2,2,262.375,4.634416897040848,0,true,false,true,false,false
743,0,3,-0.41856548579059116,1,0,16.1,-0.32425318983493073,1,false,true,false,false,true
744,1,3,0.17517750573876087,0,0,7.925,-0.4888542575852485,2,false,true,false,false,true
745,0,1,3.4831741728308647,1,1,71.0,0.7811411367084872,0,false,true,false,false,true
746,0,3,-1.097128904681279,1,1,20.25,-0.2406942380106105,1,false,true,false,false,true
747,1,2,0.09035707837742488,0,0,13.0,-0.3866707201133387,1,true,false,false,false,true
748,0,1,-0.8426676225972711,1,0,53.1,0.4207302360686478,0,false,true,false,false,true
749,0,3,0.17517750573876087,0,0,7.75,-0.4923778278429005,2,false,true,false,true,false
750,1,2,-2.1149740330173112,1,1,23.0,-0.18532384824750667,1,true,false,false,false,true
751,1,3,-1.9453331782946393,0,1,12.475,-0.3972414308862949,1,false,true,false,false,true
752,0,3,0.3448183604614329,0,0,9.5,-0.45714212526637993,2,false,true,false,false,true
753,0,3,-0.5033859131519272,0,0,7.8958,-0.4894421904510967,2,false,true,false,false,true
754,1,2,1.6171247708814729,1,2,65.0,0.660333013588988,0,true,false,false,false,true
755,1,2,-2.39742605613056,1,1,14.5,-0.35646868933346393,1,false,true,false,false,true
756,0,3,-0.07928377634524714,0,0,7.7958,-0.49145565916975503,2,false,true,false,false,true
757,0,2,-0.9274880499586071,0,0,11.5,-0.4168727508932135,1,false,true,false,false,true
758,0,3,0.4296387878227689,0,0,8.05,-0.48633742168692556,2,false,true,false,false,true
759,1,1,0.3448183604614329,0,0,86.5,1.093228788100527,0,true,false,false,false,true
760,0,3,-0.07928377634524714,0,0,14.5,-0.35646868933346393,1,false,true,false,false,true
761,0,3,1.023381779352121,0,0,7.125,-0.504962007334515,2,false,true,false,false,true
762,1,3,-0.7578471952359351,0,0,7.2292,-0.502863972929673,2,false,true,false,false,true
763,1,1,0.5992796425454409,1,2,120.0,1.7677408088510642,0,true,false,false,false,true
764,0,3,-1.097128904681279,0,0,7.775,-0.4918744606632359,2,false,true,false,false,true
765,1,1,1.8715860529654809,1,0,77.9583,0.9212443305588889,0,true,false,false,false,true
766,0,1,-0.07928377634524714,0,0,39.6,0.14891195904977453,1,false,true,true,false,false
767,0,3,-0.07928377634524714,0,0,7.75,-0.4923778278429005,2,true,false,false,true,false
768,0,3,-0.07928377634524714,1,0,24.15,-0.16216895798293599,1,false,true,false,true,false
769,0,3,0.2599979331000969,0,0,8.3625,-0.4800453319411183,2,false,true,false,false,true
770,0,3,-0.41856548579059116,0,0,9.5,-0.45714212526637993,2,false,true,false,false,true
771,0,3,1.6171247708814729,0,0,7.8542,-0.49027979343805855,2,false,true,false,false,true
772,0,2,-0.07928377634524714,0,0,10.5,-0.4370074380797967,1,true,false,false,false,true
773,0,3,-0.07928377634524714,0,0,7.225,-0.5029485386158568,2,false,true,true,false,false
774,1,2,2.126047335049489,1,3,23.0,-0.18532384824750667,1,true,false,false,false,true
775,0,3,-0.9274880499586071,0,0,7.75,-0.4923778278429005,2,false,true,false,false,true
776,0,3,-0.07928377634524714,0,0,7.75,-0.4923778278429005,2,false,true,false,true,false
777,1,3,-0.07928377634524714,0,0,12.475,-0.3972414308862949,1,true,false,false,false,true
778,0,3,-0.07928377634524714,0,0,7.7375,-0.4926295114327328,2,false,true,false,false,true
779,1,1,1.193022634074793,0,1,211.3375,3.6067927997556075,0,true,false,false,false,true
780,1,3,-1.351590186765287,0,0,7.2292,-0.502863972929673,2,true,false,true,false,false
781,1,1,-1.0123084773199431,1,0,57.0,0.4992555160963223,0,true,false,false,false,true
782,0,1,0.005536651016088867,0,0,30.0,-0.044381037941424235,1,false,true,false,false,true
783,0,3,-0.07928377634524714,1,2,23.45,-0.17626323901354424,1,false,true,false,false,true
784,0,3,-0.33374505842925517,0,0,7.05,-0.5064721088735088,2,false,true,false,false,true
785,0,3,-0.07928377634524714,0,0,7.25,-0.5024451714361922,2,false,true,false,false,true
786,1,3,-0.9274880499586071,0,0,7.4958,-0.49749606532573,2,true,false,false,false,true
787,0,3,-1.7756923235719673,4,1,29.125,-0.061998889229684544,1,false,true,false,true,false
788,1,3,-2.369435315101319,1,2,20.575,-0.23415046467497094,1,false,true,false,false,true
789,0,1,1.447483916158801,0,0,79.2,0.9462455716384695,0,false,true,true,false,false
790,0,3,-0.07928377634524714,0,0,7.75,-0.4923778278429005,2,false,true,false,false,true
791,0,2,-1.097128904681279,0,0,26.0,-0.12491978668775705,1,false,true,false,false,true
792,0,3,-0.07928377634524714,8,2,69.55,0.7519458402879415,0,true,false,false,false,true
793,0,1,-0.07928377634524714,0,0,30.6958,-0.03037132259699966,1,false,true,true,false,false
794,0,3,-0.33374505842925517,0,0,7.8958,-0.4894421904510967,2,false,true,false,false,true
795,0,2,0.853740924629449,0,0,13.0,-0.3866707201133387,1,false,true,false,false,true
796,1,1,-0.07928377634524714,0,0,25.9292,-0.12634532254056713,1,true,false,false,false,true
797,1,3,0.17517750573876087,0,0,8.6833,-0.4735861242916624,2,true,false,false,false,true
798,0,3,0.09035707837742488,0,0,7.2292,-0.502863972929673,2,false,true,true,false,false
799,0,3,0.09035707837742488,1,1,24.15,-0.16216895798293599,1,true,false,false,false,true
800,0,2,0.4296387878227689,0,0,13.0,-0.3866707201133387,1,false,true,false,false,true
801,1,2,0.17517750573876087,1,1,26.25,-0.11988611489111126,1,true,false,false,false,true
802,1,1,-0.07928377634524714,1,2,120.0,1.7677408088510642,0,false,true,false,false,true
803,1,3,-2.418631162970894,0,1,8.5167,-0.47694056317694716,2,false,true,false,false,true
804,1,3,-0.16410420370658313,0,0,6.975,-0.5079822104125025,2,false,true,false,false,true
805,0,3,0.17517750573876087,0,0,7.775,-0.4918744606632359,2,false,true,false,false,true
806,0,1,0.853740924629449,0,0,0.0,-0.6484216535389203,3,false,true,false,false,true
807,0,3,-0.9274880499586071,0,0,7.775,-0.4918744606632359,2,true,false,false,false,true
808,0,2,0.853740924629449,0,0,13.0,-0.3866707201133387,1,false,true,false,false,true
809,1,1,0.3448183604614329,1,0,53.1,0.4207302360686478,0,true,false,false,false,true
810,0,3,-0.24892463106791915,0,0,7.8875,-0.48960930835474537,2,false,true,false,false,true
811,0,3,0.853740924629449,0,0,24.15,-0.16216895798293599,1,false,true,false,false,true
812,0,2,0.5144592151841049,0,0,10.5,-0.4370074380797967,1,false,true,false,false,true
813,0,3,-1.9453331782946393,4,2,31.275,-0.018709311778530652,1,true,false,false,false,true
814,0,3,-0.07928377634524714,0,0,8.05,-0.48633742168692556,2,false,true,false,false,true
815,0,1,-0.07928377634524714,0,0,0.0,-0.6484216535389203,3,false,true,false,false,true
816,0,3,-0.5033859131519272,0,0,7.925,-0.4888542575852485,2,true,false,false,false,true
817,0,2,0.17517750573876087,1,1,37.0042,0.09664633805084177,1,false,true,true,false,false
818,0,3,1.193022634074793,0,0,6.45,-0.5185529211854587,2,false,true,false,false,true
819,0,3,-0.07928377634524714,3,2,27.9,-0.08666388103324897,1,false,true,false,false,true
820,1,1,-0.07928377634524714,1,1,93.5,1.2341715984066093,0,true,false,false,false,true
821,1,3,-0.16410420370658313,0,0,8.6625,-0.47400492578514336,2,false,true,false,false,true
822,0,1,-0.07928377634524714,0,0,0.0,-0.6484216535389203,3,false,true,false,false,true
823,1,3,-0.16410420370658313,0,1,12.475,-0.3972414308862949,1,true,false,false,false,true
824,0,3,-2.2846148877399832,4,1,39.6875,0.15067374417860055,1,false,true,false,false,true
825,0,3,-0.07928377634524714,0,0,6.95,-0.5084855775921671,2,false,true,false,true,false
826,0,3,-0.07928377634524714,0,0,56.4958,0.48910360681684706,0,false,true,false,false,true
827,1,2,-2.369435315101319,0,2,37.0042,0.09664633805084177,1,false,true,true,false,false
828,1,3,-0.07928377634524714,0,0,7.75,-0.4923778278429005,2,false,true,false,true,false
829,1,1,2.804610753940177,0,0,80.0,0.962353321387736,0,true,false,false,false,true
830,1,3,-0.07928377634524714,1,0,14.4542,-0.3573908580066094,1,true,false,true,false,false
831,1,2,-2.3838547877527465,1,1,18.75,-0.2708962687904853,1,false,true,false,false,true
832,0,3,-0.07928377634524714,0,0,7.2292,-0.502863972929673,2,false,true,true,false,false
833,0,3,-0.07928377634524714,0,0,7.8542,-0.49027979343805855,2,false,true,false,false,true
834,0,3,-0.9274880499586071,0,0,8.3,-0.48130374989027974,2,false,true,false,false,true
835,1,1,-0.07928377634524714,1,1,83.1583,1.0259447039291218,0,true,false,false,false,true
836,0,3,-0.6730267678745991,0,0,8.6625,-0.47400492578514336,2,false,true,false,false,true
837,0,3,-0.07928377634524714,0,0,8.05,-0.48633742168692556,2,false,true,false,false,true
838,1,3,0.2599979331000969,0,0,56.4958,0.48910360681684706,0,false,true,false,false,true
839,1,1,-0.07928377634524714,0,0,29.7,-0.0504214440973992,1,false,true,true,false,false
840,0,3,-0.07928377634524714,0,0,7.925,-0.4888542575852485,2,false,true,false,false,true
841,0,2,-1.097128904681279,0,0,10.5,-0.4370074380797967,1,false,true,false,false,true
842,1,1,-0.07928377634524714,0,0,31.0,-0.024246350754841033,1,true,false,true,false,false
843,0,3,0.47204900150343687,0,0,6.4375,-0.518804604775291,2,false,true,true,false,false
844,0,3,-1.0123084773199431,0,0,8.6625,-0.47400492578514336,2,false,true,false,false,true
845,0,3,-0.07928377634524714,0,0,7.55,-0.49640476528021715,2,false,true,false,false,true
846,0,3,-0.07928377634524714,8,2,69.55,0.7519458402879415,0,false,true,false,false,true
847,0,3,0.5144592151841049,0,0,7.8958,-0.4894421904510967,2,false,true,true,false,false
848,0,2,-0.07928377634524714,0,1,33.0,0.016023023618325374,1,false,true,false,false,true
849,1,1,-0.07928377634524714,1,0,89.1042,1.1456635404718272,0,true,false,true,false,false
850,0,3,-2.1149740330173112,4,2,31.275,-0.018709311778530652,1,false,true,false,false,true
851,0,3,3.8224558822762087,0,0,7.775,-0.4918744606632359,2,false,true,false,false,true
852,0,3,-1.6908718962106313,1,1,15.2458,-0.34145223962971016,1,true,false,true,false,false
853,1,1,-0.07928377634524714,0,1,39.4,0.1448850216124579,1,true,false,false,false,true
854,0,2,-0.07928377634524714,1,0,26.0,-0.12491978668775705,1,true,false,false,false,true
855,1,3,-0.9274880499586071,0,1,9.35,-0.4601623283443674,2,true,false,false,false,true
856,1,1,1.362663488797465,1,1,164.8667,2.6711177784453373,0,true,false,false,false,true
857,1,1,1.8715860529654809,0,0,26.55,-0.11384570873513629,1,false,true,false,false,true
858,1,3,-0.41856548579059116,0,3,19.2583,-0.26066180729354504,1,true,false,true,false,false
859,0,3,-0.07928377634524714,0,0,7.2292,-0.502863972929673,2,false,true,true,false,false
860,0,3,1.023381779352121,2,0,14.1083,-0.36435544630444855,1,false,true,false,false,true
861,0,2,-0.6730267678745991,1,0,11.5,-0.4168727508932135,1,false,true,false,false,true
862,1,1,1.6171247708814729,0,0,25.9292,-0.12634532254056713,1,true,false,false,false,true
863,0,3,-0.07928377634524714,8,2,69.55,0.7519458402879415,0,true,false,false,false,true
864,0,2,-0.41856548579059116,0,0,13.0,-0.3866707201133387,1,false,true,false,false,true
865,1,2,1.108202206713457,0,0,13.0,-0.3866707201133387,1,true,false,false,false,true
866,1,2,-0.16410420370658313,1,0,13.8583,-0.36938911810109437,1,true,false,true,false,false
867,0,1,0.17517750573876087,0,0,50.4958,0.3682954836973479,0,false,true,false,false,true
868,0,3,-0.07928377634524714,0,0,9.5,-0.45714212526637993,2,false,true,false,false,true
869,1,3,-2.1149740330173112,1,1,11.1333,-0.4242561406845336,1,false,true,false,false,true
870,0,3,-0.24892463106791915,0,0,7.8958,-0.4894421904510967,2,false,true,false,false,true
871,1,1,1.532304343520137,1,1,52.5542,0.4097407238022106,0,true,false,false,false,true
872,0,1,0.3448183604614329,0,0,5.0,-0.5477482176060043,2,false,true,false,false,true
873,0,3,1.532304343520137,0,0,9.0,-0.4672094688596715,2,false,true,false,false,true
874,1,2,-0.07928377634524714,1,0,24.0,-0.16518916106092346,1,true,false,true,false,false
875,1,3,-1.181949332042615,0,0,7.225,-0.5029485386158568,2,true,false,true,false,false
876,0,3,-0.07928377634524714,0,0,9.8458,-0.4501795504372595,2,false,true,false,false,true
877,0,3,-0.07928377634524714,0,0,7.8958,-0.4894421904510967,2,false,true,false,false,true
878,0,3,-0.07928377634524714,0,0,7.8958,-0.4894421904510967,2,false,true,false,false,true
879,1,1,2.295688189772161,0,1,83.1583,1.0259447039291218,0,true,false,true,false,false
880,1,2,-0.33374505842925517,0,1,26.0,-0.12491978668775705,1,true,false,false,false,true
881,0,3,0.3448183604614329,0,0,7.8958,-0.4894421904510967,2,false,true,false,false,true
882,0,3,-0.5882063405132631,0,0,10.5167,-0.43667118880378075,1,true,false,false,false,true
883,0,2,-0.07928377634524714,0,0,10.5,-0.4370074380797967,1,false,true,false,false,true
884,0,3,-0.33374505842925517,0,0,7.05,-0.5064721088735088,2,false,true,false,false,true
885,0,3,-0.07928377634524714,0,5,29.125,-0.061998889229684544,1,true,false,false,true,false
886,0,2,-0.07928377634524714,0,0,13.0,-0.3866707201133387,1,false,true,false,false,true
887,1,1,-0.8426676225972711,0,0,30.0,-0.044381037941424235,1,true,false,false,false,true
888,0,3,-0.07928377634524714,1,2,23.45,-0.17626323901354424,1,true,false,false,false,true
889,1,1,-0.07928377634524714,0,0,30.0,-0.044381037941424235,1,false,true,true,false,false
890,0,3,0.2599979331000969,0,0,7.75,-0.4923778278429005,2,false,true,false,true,false